Q1,nota,feedback,,Q2a,nota,feedback,,Q2b,nota,feedback,,Q3a,nota,feedback,,Q3b,nota,feedback
"A arte é um resultado cultural, independente da situação em que a cultura se encontra, a arte resiste. São as sátiras em momentos de censura, o canto de escravos, os livros cheios de metáforas. A arte é expressão natural do ser humano, limitar ela, é limitar nossa existência. Precisamos introduzir a oportunidade de experienciar a arte para todos os cidadãos, através do desenvolvimento de politicas para ingressos para eventos de artes, aulas de artes acessivéis a todos, a valorização do artista como profissional.","0,75",Faltou a contribuição,,"A partir do momento em que vivemos em uma estrutura criada para oprimir e categorizar, nossa vida fica a mercê dos efeitos dessa criação. A falta de segurança, a restrição de escolhas, a segurança sobre o próprio valor. O patriarcado estrutural não só muda o lugar onde as mulheres irão começar a corrida, mas também as impede de correrem e mesmo com os avanços históricos, ainda existem marcas na história.","0,25",Prova da stella (impossível descobrir o feedback do professor),,"Estimular durante todo o processo de formação de um indivíduo o relacionamento em unidade entre homens e mulheres. Através de atividades extracurriculares que influenciem o respeito e o olhar de igualdade entre todos. Além da punição com encarceramento, acredito que punições como a perda de bens materiais, como móveis, imóveis, guarda dos filhos, seria uma ótima medida.",1,,,"A população brasileira tem uma cultura que sempre privilegiou pessoas com mais renda, o que não é nenhum motivo de desigualdade, visto que gera lucro.Está enraizado na cultura do brasileiro o comodismo e a romantização do lugar que veio e isso impede a prosperização.","0,35",Só falou sobre a desigualdade,,"Acredita-se que em um consenso não geral, que graças a presença de facções, não é possível realizar tal desenvolvimento, visto que todo aquele território é ""dominado"" por bandidos.",0,Sem proposta
A arte fala muito sobre o que há dentro de nós ,0,,,"Segundo a bíblia, Deus fez Adão e disse ""Não é bom que o homem fique só, fare-lhe uma ajudadora"" e assim da costela de Adão fizeste Eva. Mais pra frente Deus diz ""o homem deixará seu pai e sua mãe e ele e sua esposa se tornarão uma só carne"". Em minha opinião, estas duas citações retratam um relacionamento pleno entre homens e mulheres",0,Sem nexo,,Reestruturação do sistema educacional. Fortalecimento das leis existentes,"0,25",Não houve maiores desenvolvimentos,,"A desigualdade social, evidenciada principalmente nas grandes metrópoles, provocada uma séria divisão na sociedade, onde os mais privilegiados possuem acima a melhores habitações, escolas, faculdades, lazer entre outros. Enquanto que nas periferias, a população sofre com a falta de segurança, saneamento básico, acesso à educaçãoe a riscos ambientais, resultado da falta de infraestrutura adequada para habitação.","0,65",Faltou explicar o meio de risco,,"O acesso à educação é uma das principais formas de se combater a desigualdade. O acesso à escolas, faculdades e instituições de ensino colaboram para o acesso a melhores condições de vida. O acesso ao saneamento básico representa melhoriana condição de vida e saúde em regiões habitacionais precárias. Representa o acesso a dignidade, restabelece a moral e diminui a lacuna causada pela desigualdade social.","0,75",Sem participação da comunidade
"A arte é um instrumento de enfrentamento, tanto na censura quanto na cultura, sempre desafiando dogmas presentes.","0,25",Só falou da arte e cultura,,"O patriarcado é uma ideia tradicionalista que é herdada dos costumes passados, os quais, estão relacionados ao desenvolvimento humano mais imaturo.","0,25",Só falou do patriarcado,,"Uma primeira possível ação do Estado seria a criação de um programa para construir mulheres mais fortes psicologicamente e também fisicamente, em um apoio com o exército brasileiro e toda sua infraestrutura e rotina intensa. Uma outra tratativa poderia ser criar ambientes só de mulheres, onde como exemplo pode-se citar um metrô criado em São Paulo que é único e exclusivamente de mulheres.",1,Padrão ouro,,As pessoas que são atingidas pela desigualdade são pessoas que não tem dinheiro e nem incentivo para melhorar a vida da sua condição e dos colegas,"0,35",Só falou sobre a desigualdade,,"Uma possível ideia seria começar a melhorar a infraestrutura desses locais afim de que não se tornem tão precários, e então a população exgerá que o governo fará tudo que for possível para ajudar. Promover fórums chamando um representante das periferias para dar voz da fala.","0,35",Projetos pouco desenvolvidos
"Partindo do princípio que todo cidadão brasileiro, constitucionalmente, tem garantido o direito de liberdade de expressão, a cultura tende a ser mal vista perante essa tal liberdade. Contudo, existem certos limites que não devem ser cruzados. Segundo a fala popular que diz ""a sua liberdade não pode ser tamanha ao ponto de tirar a liberdade do outro"", deixa claro que é essencial o poder da liberdade, mas até certo ponto. Um brasilieiro que foi muito atacado, chegando até a ser exilado do país, apresenta uma ideia de um partido nazista, utilizando como argumento a liberdade de expressão. O regime nazista tem como principal ideologia a soberania de uma classe ariana, que vai contra, e nesse contexto, acredita-se que a censura e cultura devem repudiar isso.","0,5",Faltaram propostas,,"No contexto dos dias atuais, a mulher acaba por sofrer de algo que está enraizado na comunidade à tempos, o machismo. Acredita-se que as pessoas com a idade mais elevada e pessoas preconceituosas podem realizar esse ato repudioso hoje em dia, porém estatisticamente a mulher tende a lidar melhor com pessoas e homens melhro com coisas, o que talvez justifique um pouco das diferentes desigualdades em questões trabalhistas, porém um homem e mulher que ocupam o mesmo cargo tendem a receber o mesmo salário. Entretando, é possível concluir-se que é uma grande minoria das pessoas ainda executa o machismo na prática.","0,5","Faltou questões culturais, faltou definição de patriarcado",,"A conscientização da sociedade a respeito do patriarcado e como ele se apoia em comportamentos machistas que dividem e segregam a sociedade é uma das formas de se combater a violência contra a mulher, elucidando a sociedade de forma geral sobre os comportamentos e ações provocadas pelo patriarcado. O outro ponto a se destacar está na punição para aqueles que cometem os mais variados tipos de violência. A verdadeira importância para casos de agressão a mulher ainda não foi atingida, verificando-se a recorrência das mais variadas formas de violência diariamente.","0,5",É a mesma proposta,,"A população brasileira atingida pelas desigualdades sociais vivem em áreas de periferia, marcada pela estratificação e segregação socioespacial, por consequência, áreas mais fáceis de ocorrer fenômenos de risco ambiental por sua falta de infraestrutura.","0,5",Faltou violência e explicar melhor área de risco,,"Trazer infraestrutura para as casas dos moradores, como água, luz, gás. E trazer infraestrutura para os arredores das casas, como, ruas decentes, em torno cuidado e entre outros.","0,25",Mesma proposta e sem apoio da comunidade
"A cultura está intrinsicamente ligada aos costumes e vivências de uma sociedade. Cada sociedade possui sua cultura, que é determinada e limitada a forma com que aquela sociedade se expressa e se comunica no cotidiano. Já a arte é uma forma de expressão livre e independente com os mais variados objetivos: criticar, questionar, provocar, etc. A arte consegue se comunicar com as mais distintas culturas e é uma forma de relacionar diferentes povos. A censura é a forma de valor ou limitar a liberdade de expressão. A censura não permite que a arte seja livr, pois impões barreiras na sua forma de comunicação.","0,25",Faltou ___ e duas propostas,,"O patriarcado estrutural impõe regras de convivência  e comportamento entre homens e mulheres. O patriarcado divide comportamentos com base no gênero de cada um. Comportamento, atitudes, formas de pensar e interagir são divididas entre homens e mulheres. Enquanto os homens são responsáveis pela força, proteção, tomada de decisão e autoridade, as mulheres já possuem um caráter de cuidado, zelo, resguardo e delicadeza.","0,5",Faltou questões do trabalho e questões culturais ,,Criação de ambientes somente para as mulheres para elas se sentirem confortáveis sem a presença de homens,"0,15",Pouco desenvolvimento,,"Existe uma clara correlação entre a desigualdade e o fluxo minoritário, indivíduos desfavorecidos tendem a migrar para polos de riqueza com a expectativa de encontrar melhores condições e isso causa o crescimento desenfreado planejado de cidades, consequentemente o âmbito sócio Ambiental é impactado negativamente.","0,5",,,"Incentivar e desenvolver novos polos econômicos no país, desta forma será possível redistribuir(de maneiras planejadas) a população em que se encontras em condições de extrema pobreza. O estado, a comunidade e os órgãos humanitários devem trabalhar de maneiras colaborativas para reduzir os impactos sócios ambientais suas consequências, como por exemplo: Presença de postos de saúde em áreas perecíveis; Fiscalização e tratamento de áreas que propagam doenças(ex esgoto, lixos em locais incorretos, áreas propícias para desenvolvimento de insetos e larvas). Distribuição de cestas básicas e suporte financeiros.","0,75",
"A arte é um prazer indivídual, porém isso não pode extrapolar/ofender direitos de outras pessoas ou culturas. Se isso ocorrer será levado a censura, pois se o prazer de um ofende algo de um bando isso geraria tensões. Partindo do princípio da liberdade, podemos propor uma arte desde que os outros aceitarão e respeitarão o seu ponto de vista, desde que não seja ofensivo. Tudo deverá ser acordado para que os dois lados tenham paz sobre a exposição da arte.","0,25",Faltou a relação com a cultura e as propostas,,"Em relação a desigualdade entre sexos, é uma comodidade histórica e que tem uma conceção errada sobre as mulheres, como se fossem úteis para fazer ações submissas perante ao homem. O patriarcado segue da lógica em que o homem fez tudo que tem importância, logo a partir desse ponto, no subconsciente das pessoas ficou implicito que mulheres são inferiores (desigualdade).","0,5",Faltou divisão do trabalho e questões culturais,,"Mais vigilância nas ruas com câmeras e identificação de movimento ajudariam as mulheres. Ademais, situações de stalkers poderiam ser prevenidas e identificadas para não chegar a nível extremo e por consequência violência sexual. ","0,5",É a mesma proposta,,"Simples, perfil atingido pela desigualdade sofre em diversos quesitos, desde monetário até em infraestrutura, ensino saúde ou saneamento básico, por exemplo. A grande verdade é que o que se fala do investimento nas áreas afetadas da sociedade, ensino, saúde etc, não equivalem ao valor do salário mínimo mais impostos e seus valores absurdos. A pergunta é, para onde vai o valor arrecadado, vista que não completamente para o que de fato necessita investimento, como esses perfis atingidos e sua falha fraca infraestrutura?","0,35","Faltou descrever meio de risco, criminalização e violência",,"Organizações sem fins lucrativos, apoiadas pelo governo, com mão de obra estatal e da comunidade. Programas de voluntariado, com investimentos estatais, visando auxilio e para comunidade em diversos âmbitos sociais.","0,5",
"A arte é uma forma de expressão, de mostrar o que sente, protesto e principalmente liberdade, ela é um presente de todos está presente na constituição, entretando, quandoa liberdade é censurada, por consequência, a arte é censurada. Duas ações educativas seria a primeira maior divulgação das formas artísticas que temos hoje em dia, e a segunda levar ou incentivar pessoas, principalmente crianças, a conhecer ou participar de diversas formas de arte.","0,9",Faltou mais clareza sobre o elemento cultural,,"O patriarcado estrutural auxilia na reprodução da desigualdade, pois é algo que a pessoa cresce com aquela ideia, na maioria das vezes criada com o pai saindo para trabalhar e a mãe em casa cuidadando dos filhos, acredita que assim é para acontecer. Por consequência silenciando a mulher e privando de seus direitos na maioria das vezes.","0,5","Faltou questões culturais, desenvolver moralização e divisão do trabalho",,"Aumentar a pena para crime contra as mulheres, para ver se assim cai o número de feminicídios. Melhorar as medidas protetivas, pais na maioria das vezes não afastam o agressor",1,,,"Grande parte da população pobre brasileira vive em favelas, aonde a estrutura é de extrema má qualidade, além disso essas regiões são aterrorizadas pelo crime organizado e grande parte da população não tem oportunidade de ascensão social. A junção dos riscos ambientais como o desmoronamento e com a ameaça do crime organizado tornam a desigualdade no Brasil um problema evidente.","0,9",Faltou dizer que a causa da moradia em área de risco é a pobreza,,"A ação do governo para melhorar as condições da população mais pobres começa com a educação, a oportunidade que uma boa educação traz para a população é essencial para a melhoria de vida. Outra ação que pode ser essencial para melhoria é a abertura de centros comunitários, aonde a população possa se ajudar com comida e necessidades que todo ser humano merece","0,25",
"Vivemos em um mundo cada vez mais complicado, onde a arte entra em confronto com crenças e fé, até onde podemos assumir o que é arte? Ridicularizar minorias com pretexto artístico. Tema muito complexo.",0,Sem nexo,,"Vivemos em um mundo machista onde infelizmente as mulheres são vistas como objetos, troféus, ou inferiores.","0,25",Só falou de questões culturais,,"O Estado, para combater essas diferentes formas de agressão contra a mulher, deve agir em duas frentes: na fiscalização pesquisar e investigar padrões em sistemas patriarcais formados e ou formação na punição(combate ativo por meio de multas, prisões e leis).",1,,,"Nem todos os cidadãos sofrem da mesma maneira aos fenômenos. Começar citando o local que as pessoas moram. Pessoas de classe médica e alta, costumam ocupar áreas planas, seguras, enquanto os classe baixa, são forçados a ocupar encostas íngremes, margens de rios, áreas contaminadas etc. Além disso, existem outros fatores, mas outro principal é o perfil das pessoas que costumam ser atingidas. Costumam focar em raça/cor, renda, gênero, etc.","0,65",Faltou violência e criminalidade,,"Acredito que a principal maneira de minimizar os riscos, é fazendo com que o governo dê a devida atenção a estes locais, igual dão a um bairro nobre, melhorando assim a estruturação dos edifícios.","0,25",Sem comunidade
"No meu ponto de vista a primeira ação a ser tomada é atuar no ensino básico, demonstrar aos recém ingressados no sistema de ensino, por meio da história e através da analogias(como é do cineasta jean Luc), como a arte influencia a nossa sociedade e sua importância. A segunda medida deve ser o sistema educacional incentivar os grupos que é campeão(descentes, alunos e colaboradores) a se tornarem agentes ativos na fiscalização da liberdade e da expressão.","0,5",,,"Quando um grupo majoritário ou minoritário detém o poder, a tendência é esse grupo empoado criar sistemas, meios e paradigmas para perpetuar este poder.portanto, é de uma suma importância que indivíduos que enxergam a desigualdade entre homens e mulheres(e discordam delas) se coloquem em uma posição de militância militância consentem o coletivo, pois desta forma combater estruturas patriarcais.","0,25",,,"Mudanças em penas, adicionando perpétua, por exemplo e sendo superficial. Agora indo mais afundo, a grande verdade é que nosso sistema de justiça é falho e fraco. Uma revisão do sistema seria algo básico ainda, mas necessário. A mudança penal, adição de consequências mais severas como castração química para crimes de abuso, por exemplo, deveria ser mais abordadas. O ser humano só responde para duas circunstâncias, censura ou chicote, como diria Jeremy Bentham.","0,5",É apenas uma proposta,,"Os fenômenos de risco socioambientais, tais como as periferias inadequadas carregam desde a sua origem histórica uma dificuldade de ascensão social, por serem locais de difícil surgimento de oportunidades, e, além disso, preconceito, dessa forma, com o surgimento improvisado desse tipo de moradia, assim como no livro quarto de despejo, de Carolina de Jesus, uma vez que na favela, torna-se muito difícil de sair dela.","0,35",Faltou criminalização,,"Fator social e ambiental de bairros periféricos torna evidente a necessidade de um controle estatal acerca desses locais, pois há minúscula qualidade de vida lá, afeta diretamente a população dos territórios, o estado tem de intervir regularizando os locais, e, além disso, contratando para auxiliar na obra, os próprios moradores do local, ajudando também, em sua renda fixa.","0,25",Apenas 1 proposta
"A cultura e seus padrões pré estabelecidos e seguidos por muitos, tem sua normalidade desconfigurada pela arte, aonde a mesma tem o direito da liberdade de expressão, gerando descontentamento de grande massa padronizada. A arte busca quebrar a censura dos padrões. A arte no seu interior, deveria ser mais estudada do que apenas sua história ou base de criação. Projetos governamentais que colocam diversos tipos de arte em prática deveriam ser opção clara nas escolas! Desde aula de instrumentos, a teatro, desenho, pintura, dança, esculturas, etc. A quebra do padrão assusta os acostumados e incomoda seus criadores.","0,75",Faltou constituição,,"O patriarcado segue uma linha de pensamentos machistas, que colocam as mulheres em posições de vulnerabilidade em diversos ambientes e temas sociais, ligando vulnerabilidade a fraqueza, limitações (impostas pelo patriarcado), demonstrando, de certa forma, a grandeza dos homens (imposta pelo patriarcado) em diversos pontos como laboral, político, interesses sociais, força corporal e etc, buscando colocar as mulheres num patamar rebaixado, justificando então, a desigualdade entre homens e mulheres.  ","0,5","Faltou questões culturais, divisão do trabalho",,"O estado pode criar leis para proteção da mulher, como já é feito atualmente com a Lei Maria da Penha. Outro método seria a conscientização da população com as desigualdades presentes na sociedade, principalmente por meio da educação.",1,,,"Quando a urbanização é acelerada e não planejada, a população tem de ir para áreas periféricas, na sua grande maioria, sem infraestrutura adequada.e por fenômenos naturais, como a erosão, ocorrem desastres ambientais onde essas pessoas, até então, estavam habitando.assim, acarretando em mortes, desaparecimentos e um impacto gigantesco para as pessoas que viviam naquela região.","0,5","Faltou explicar melhor a pobreza, faltou violência e criminalidade",,"Em questionável a falta de atuação do estado nessas zonas, de risco (periferia), logo, é necessária a atuação do Estado em garantir uma moradia de qualidade como está descrito no artigo 5°, mas a ineficiência do Estado brasileiro, é tão grande, que isso se torna impossível.a segunda seria a diminuição da carga tributária das empresas, para assim fomentar o mercado de trabalho, fazendo com que a população periférica tenha mais oportunidades e consiga sair dessa situação de vulnerabilidade. E é claro, podemos destacar uma mudança profunda na educação básica.","0,25",Sem participação da comunidade
"Arte, cultura e censura estão intrinsecamente conectados, a cultura de um povo enriquece a arte e a censura apenas delimita a liberdade de expressão, é capaz de levar à tona a criatividade do artista e a sua capacidade de burlar restrições. Existe uma grande quantidade de coisas que podem ser consideradas arte, isso inclui objetos, atividades e até mesmo ideias, uma maneira educativa para minimizar tensões sobre o assunto é normalizar o fato de que quase tudo pode ser arte. Principalmente via a educação, outro método seria a aceitação da mistura de culturas pelo mundo, países com alta imigração e uma grande mistura de elementos culturais, enriquecem a arte de um povo","0,5",Faltou constituição e faltou proposta clara,,"Historicamente a sociedade sempre foi patriarcal, a mulher só ganhou o direito de votos recentemente e a violência contra a mulher é extremamente normalizada em certos meios. Um fato que demonstra essa desigualdade entre os gêneros e a diferença de Salário entre homens e mulheres. Muitos fatores podem explicar o motivo dessa desigualdade entre eles o cultural (a maioria das posições de poder estão no meio de homens). Religião (a maioria do mundo é cristão e na Bíblia a Eva é submissa ao Adão) e até mesmo biológico (o homem é naturalmente mais forte que a mulher, então mulheres podem ter medo de iniciar conflito)","0,9",Faltou desenvolver questões culturais por exemplo falar da objetificação sexual,,"Acho que o principal é o melhor acolhimento de vítimas dessas violências, já que hoje em dia vemos muitas pessoas não levando a sério, brincando com a situação ou até mesmo julgando.","0,5",Faltou mais uma proposta,,"A população de baixa renda, que vive nas periferias com pouca infraestrutura, é a mais afetada pelas desigualdades urbanas. Essas áreas tem moradias precárias e ocupam locais de risco, aumentando a exposição a enchentes e deslizamentos. Assim, a desigualdade social aumenta os riscos socioambientais para a população vulnerável.","0,65",Faltou violência e criminalidade,,"Uma proposta é investir em saneamento e melhoria das moradias nas periferias, com participação da comunidade. Outra é promover educação ambiental e ações de prevenção de desastres com apoio do governo e dos moradores.","0,75",Não detalhou como seria a participação da comunidade
"Considerando os textos fornecidos e a bagagem de conhecimento é de se pensar que a cultura, apesar de não ser uma regra, muitas vezes torna-se um limitador de arte, analisando a própria história brasileira, tivemos em 1964 a ditadura militar no Brasil, período qual houve uma relação muito forte entre a cultura e a censura, que por sua vez, repudiou qualquer tipo de arte que fosse contra o governo da época, desse jeito, inibindo qualquer liberdade de expressão do povo. Duas ações que poderiam ser tomadas a fim de diminuir essas tensões, seriam tanto compartilhamento de arte de outros países durante o processo educacional, e, até mesmo, do próprio país, visto que o Brasil é um país extremamente diverso.","0,75",Faltou constituição,,"Bom, na minha opinião, eles estão bem ligados, já que um foca na dominação masculina e o outro favorece mais os homens. Dito isso, hoje em dia vemos uma taxa maior de violência sexual, desigualdade em ambientes de trabalho, em tudo o que acaba desfavorecendo a mulher. Claro, isso tem a ver com vários esteriótipos colocados pela própria sociedade, com frases como ‘isso é trabalho de homem’, ‘também com essa roupa…’, ‘lugar de mulher é na cozinha’. Tudo isso influência o que vemos hoje.","0,5","Faltou questões culturais, desenvolver divisão do trabalho",,"Uma ação do estado é ampliar a rede de proteção às mulheres, com delegacias especializadas e aplicação eficaz de medidas protetivas. Outra ação é investir em educação para a igualdade de gênero, promovendo campanhas e formação nas escolas para prevenir a violência.",1,Padrão ouro,,"Desde o início do Brasil temos a segregação social entre a população, o que resultou em criação de espaços urbanos e de alta densidade de uma forma insegura. Com a evolução dessa desigualdade social e negligência de cuidado, o resultado é a criação de espaços não seguros em aspectos sociais, ambientais e físicos. Podendo ocorrer em enchentes, deslizamentos ou proliferações de doenças.tudo pelo acúmulo de pessoas em um pequeno espaço sem a estrutura adequada.","0,65",Faltou violência e criminalidade,,"Em situações como saúde o governo poderia realizar campanhas de educação e proteção contra a proliferação de doenças comuns da área. Em relações estruturais, o governo poderia avançar obras de evolução no saneamento básico da região.","0,75",Sem detalhamento
"Acho válido começar pelo o que é arte? A arte é liberdade de expressão, é um quadro pintado ao estar triste, uma música composta a partir do amor, é você criar algo a partir daquilo sentido. A cultura é a junção de todas essas artes (comidas, músicas, pinturas, livros), e isso é oque acaba mostrando aos não moradores do nosso país, do que somos feitos. A censura é a ocultação do que somos e criamos.","0,25",Só falou de arte e cultura,,"Desde os primórdios da sociedade mundial, existe a brutal segregação entre seres humanos, e, uma das maiores separações sociais ocorre na desigualdade de gênero socialmente dizendo, as mulheres sempre foram vistas como mais fracas, menos inteligentes e capazes, isso, sem fundamento ou embasamento científico, e sim, um mero achismo. Fazendo um paralelo com a sociedade atual, essa herança negativa histórica e social, faz boa parte das pessoas, mesmo que de forma inconsciente, julgar ao ver uma mulher em um cargo executivo ou político de peso, e, muitas vezes acaba acarretando em uma brusca diferenças salarial, e, majoritariamente de tratamento e respeito.","0,75",Faltou questoes culturais ,,"A primeira seria a punição rigorosa contra esses crimes, ou seja, uma mudança profunda no Código Penal Brasileiro, como prisão perpétua, redução da maioridade penal para esses tipos de crime. Outra proposta de intervenção é a conscientização por meio da educação, ou seja, uso de personas para não expor as vítimas desses crimes, uso de fontes embaçada, bandeiras sem polarização política, uso de estatísticas para alertar a população sobre esse tema na sociedade.",1,,,"A urbanização e a desigualdade territorial são fatores, consequências da desigualdade planejada. Zonas urbanas não planejadas e barreiras são construídas para abrigar a parcela da população economicamente vulnerável. São áreas de risco, negligenciadas pelo Estado e, consequentemente, mais vulneráveis aos riscos socioambientais.","0,35",Faltou criminalização,,"Regularização e fiscalização da área pelo Estado, fornecendo saneamento básico e segurança. Programas de doações de cestas básicas e suprimentos para famílias que moram em bairros vulneráveis.","0,75",Sem participação da comunidade
"A arte costuma gerar conflitos, pois questiona valores e padrões da sociedade. Como o primeiro texto nos aponta, ela não existe apenas para seguir regras culturais, mas para provocar reflexão e transformação. O texto dois deixa claro que a constituição de 1988 garante a liberdade de expressão artística, sem censura. Em um estudo democrático, o artista tem o direito de se expressar, mesmo que sua obra cause desconforto. Para diminuir esses conflitos, duas ações precisam ser tomadas, investir na educação para o pensamento crítico e promover debates sobre arte e cultura, incentivando o diálogo e tolerância",1,Padrão ouro ,,"É de clara absorção que existe sim uma desigualdade entre homens e mulheres nos temas destacados acima. Nossa sociedade deve analisar essas questões de modo imparcial, ou seja, sem polarização política, e sim, com o foco na causa raiz do problema.logo, há de haver regras, nesse caso leis, que pensam rigorosamente atividades desse tipo, e um estudo nas escolas e universidades abordando esse tema de forma que levem os alunos a tirarem suas conclusões sobre esse tema de forma imparcial. Pois, todos somos iguais perante a lei.","0,25","Faltou questões sociais, divisão do trabalho e naturalização",,"Criação de leis que defendem os direitos das mulheres, como direito ao voto, trabalho, cargos públicos, em ordem de ganhar mais respeito e se tornar mais vista como igual ao homem.e criações de incentivos governamentais para o auxílio sentimental e físico de mulheres que tenham sofrido quaisquer tipo de abuso de algum homem.","0,75","Já existem leis, deveria ser mais específico",,"A desigualdade empurra a população mais pobre para periferias sem infraestrutura, aumentando a exposição a enchentes, deslizamentos e doenças, ou seja, quem é mais vulnerável socialmente sofre mais riscos ambientais.","0,5",,,"Obras e participação: saneamento, drenagem, contenção de encostas e pavimentação com comitê de moradores para definir prioridades e fiscalizar. Prevenção e comunidade: mapeamento de áreas de risco, alertas e plano de emergência, multidões de limpeza e coleta de lixo, e ações de arborização e manutenção com apoio da prefeitura.",1,
"Segundo o artigo quinto da Constituição Federal brasileira, qualquer tipo de censura em relação à arte e a cultura é errada, ou seja, é possível de não punição jurídica. Se a arte, pelo ponto de vista do psicanalista Wely Rolnik é reacionário e disruptivo, então sim a arte tem o papel fundamental de questionar o status quo de uma sociedade. Uma proposta de intervenção para discriminação para minimizar as tensões da arte e censura, pode ser o uso simplificado e educativo do próprio artigo quinto da Constituição, pois quem sabe dos seus direitos, pode questioná-los.a segunda seria abordar nas escolas, esses conceitos em aula de artes.","0,9",Contradição conceitual,,"O patriarcado estrutural é um sistema em que os homens ocupam posições de maior poder na sociedade, enquanto as mulheres ficam em situações de desigualdade. Ele reforça estereótipos de gênero e limita a participação feminina na política, no trabalho e na vida social. Isso gera desigualdade de direitos e contribui para a naturalização da violência contra a mulher.","0,75",Faltou desenvolver questões cullturais,,"Centrais de denúncia contra qualquer tipo de violência contra a mulher, subsidiadas pelo Estado e pela polícia. Conscientização da gravidade e identificação de situações de violência contra a mulher na educação básica do país.","0,75",Desenvolver melhor as propostas,,"Atualmente, são os mais pobres e desempregados que mais vivem em zonas periféricas. Entretanto, por sua situação de moradia, fica difícil dele conseguir mudar, drasticamente, sua condição de vida, por exemplo, um filho de servente de pedreiro e funcionária doméstica possui muitas dificuldades há mais de concluir um ensino superior que um filho de empresários bem-sucedidos. Ou seja, ele possui muitos mas obstáculos para seguir uma carreira profissional que o filho de empresário que já tem um alto nível de vida(cria-se um ciclo de pobreza e riqueza)","0,5",,,"Primeiramente, e fundamental, seria o saneamento básico: implantação de água e esgoto encanado. Uma segunda ação seria a expansão do sistema educacional de qualidade para essas áreas remotas, de maneira a expandir o acesso à educação, e consequentemente, as oportunidades, a população dessas áreas. ",1,
"A relação entre a censura e a expressão da arte pode ser analisada pela autonomia de Kant, onde a proibição de qualquer expressão é injusta, pelo fato de ir contra a autonomia do indivíduo. Logo, pela criação do contrato social previamente determinado, não se pode censurar nenhum tipo de arte, pois remove a autonomia dos indivíduos.","0,25",Faltou duas propostas e relação com a cultura,,"O patriarcado e a desigualdade vem dos longos períodos da história humana, sempre tendo argumentos fisiológicos e comportamentais para defender ou se opor a um lado. A análise a ser feita é que fisiologicamente o homem é mais forte que a mulher, sendo assim, sempre manteve o posto de protetor do lar. Com isso a evolução desse comportamento de um homem ser considerado mais forte, mais capaz, mais preparado, acabou resultando em uma desigualdade entre homens e mulheres, onde os homens se revezam entre si para ocupar cargos mais altos e de certa forma excluindo as mulheres.","0,75",Faltou questões culturais,,"Fortalecer a rede de proteção: delegacias especializadas, medidas protetivas rápidas, abrigos e atendimento psicológico. Prevenção e educação: campanhas e ensino de igualdade de gênero e consentimento.",1,,,"Os dados divulgados pelo IBGE evidenciam a aumento de extrema pobreza, o que revela persistência e o aprofundamento das desigualdades sociais no país. Essa realidade mostra que o crescimento econômico não ocorre de forma igualitária, afetando as populações mais vulneráveis.","0,25",,,"Diante desse cenário, propostas podem ser desenvolvidas em prol de melhorias em bairros periféricos, como programas de transferência de renda, ampliação de educação de qualidade e geração de emprego, visando a justiça social e diminuição das desigualdades regionais","0,5",
"A arte pode ser um instrumento de reflexão, por isso é vitima de censura e debate constante. Quando questiona as liberdades individuais, a arte pode tocar em algum valor social que promove opiniões contrárias. Desta forma, algumas vezes sendo interpretada como algo que fere um valor subjetivo.","0,25",Faltou constituição e duas propostas,,"O patriarcado estrutural estabelece valores que estão enraizados no subconsciente coletivo da sociedade, provocando a desigualdade entre gêneros, mesmo que inconscientemente. A figura do homem no patriarcado é sempre retratada como dominadora, enquanto a da mulher é submissa e relativo à vontade do homem, muitas vezes sendo objetificada. ","0,5",Faltou questões culturais e divisão do trabalho,,"A primeira ação se baseia em julgamentos mais rigorosos contra homens que violentam mulheres: prisão perpétua, nenhum benefício carcerário… A segunda ação foca em mostrar para todos os homens o que acontece caso eles forem pegos violentando mulheres. A situação precária desses presos deve ser divulgadas como forma de amedrontador.",1,,,"São em bairros periféricos que existe a falta do básico que todos deveriam ter acesso. Essa relação ocorre por conta do passado escravocrata, onde os escravos que fugiam foram para regiões distantes, de difícil acesso e em áreas de mata, o que com o passar dos anos foi chamada de favelas.","0,25",,,"Programas sociais educacionais por meio do esporte e da arte, além do incentivo a cursos profissionalizantes gratuitos de qualidade.","0,25",
"Em épocas de censura, a arte passa a ser questionada e transforma, entrando em tensão com a cultura, que tende a definir o que é aceito. Porém, a constituição de 1988 garante a liberdade de expressão artística, sem censura prévia, então a discordância não pode virar proibição, o correto é debate e crítica, não silenciamento. As ações educativas para reduzir essas tensões são a educação para leitura crítica da arte e da mídia e espaços para diálogo. ","0,75",,,"O patriarcado é um sistema estrutural que mantém desigualdades ao reforçar esteriótipos, homem igual autoridade, mulher igual submissão, justificando exclusão política, divisão sexual do trabalho e violência, e ainda culpabilizando a mulher","0,75",,,"Fortalecimento de políticas públicas de proteção e acolhimento, como casas-abrigo e delegacias especializadas, garantindo segurança e autonomia as vítimas. Ampliação de programas educativos e campanhas permanentes de conscientização sobre igualdade de gênero, desconstruindo esteriótipos.",1,,,"Vivemos no sistema econômico capitalista, para poucos ricos seremos muitos pobres. Essa pirâmide social e responsável pela segregação ao acesso em todos os tipos de recursos e oportunidades. Os mais necessitados vão se tornando marginalizados, criando suas habitações irregulares e com isso, agravam-se os problemas ambientais.casas irregulares, sem saneamento básico e etc. ","0,5",,,"Regularização desses ambientes, projetos desenvolvidos pelo Estado, com custo acessível e com possibilidades de crédito facilitados para financiamento.","0,5",
"A arte tem função de questionar, provocar reflexões e transformar a sociedade enquanto a cultura tende a manter padrões. Por isso, a arte muitas vezes entra em conflito com valores já aceitos, gerando tentativas de censura. A constituição de 1988 garante a liberdade de expressão artística, portanto, limitar a arte significa limitar a diversidade. Duas ações a reduzir estas tensões vão desde investir na educação artística nas escolas à projetos culturais que valorizem a diversidade","0,75",,,"O patriarcado estrutural é um sistema social que favorece os homens e coloca as mulheres em posição de desigualdade. Se manifesta na divisão do trabalho, na exclusão política e outros, mantidos por esteriótipos de gênero que reforçam a dominação masculina.","0,75",,,Punição mais severa contra crimes de violência a mulher e maior incentivo do estado a programas sociais que mobilizem as mulheres a denunciarem criminosos.,"0,5",,,"Perfil: população que reside em área periféricas, sem recursos básicos, pobres consequentemente, estão mais expostos aos fenômenos de risco socioambientais.","0,25",,,Programa de moradia justa com recursos para possibilidade de manutenção do benefício. Ações voltadas ao saneamento básico com recompensas para as pessoas que fizerem o uso mais consciente dos recursos ofertados.,"0,75",
"Após ler os dois textos, é possível entender que é a arte que determina a cultura do local. Porém, após determinadas, vêm novas formas e ideias de arte para alterá-la e reestruturá-la novamente.assim, é um ciclo infinito que molda, cada vez mais, as virtudes e culturas dos locais. E é, exatamente neste ponto, que entra a censura.a censurar determinados tipos de arte, a reformulação e atualização da cultura local não acontece, e permanece estagnada(não acompanhando o tempo presente) entretanto, na minha opinião, tipos de arte que preguem qualquer tipo de violência precisa ser as únicas proibidas, já que reestruturar uma cultura voltando para a violência não é justificável.","0,5",,,"O patriarcado estrutural contribui com a desigualdade entre homens e mulheres, já que prega práticas violentas e acentua o poder dos homens sob mulheres.","0,5",,,"Liberar o acesso aos lugares que as mulheres não tinham permissão simplesmente, não funciona.precisa se criar programas educacionais que promovam a igualdade. Por exemplo, o desenvolvimento de um curso profissionalizante que habilite forma mulheres para cargos de liderança.","0,5",,,"Perfil da população e risco: a população de baixa renda é empurrada pela especulação imobiliárias para áreas periféricas e frágeis(encostas, beira de rios). Sem infraestrutura esse grupo se torna a principal vítima de desastres ambientais","0,5",,,Urbanização participativa: obras de saneamento e contenção de encostas definidas em conjunto com associações de moradores. Defesa Civil comunitária: criação de núcleo sociais treinados para monitorar a área de risco e emitir alerta de evacuação.,1,
"A arte está dentro da cultura, trazendo vivacidade, liberdade de expressão, pensamento crítico sobre uma peça de teatro, um quadro e etc… Porém a arte possui uma grande responsabilidade com a sociedade, impactando na formação de conceitos e pensamentos individuais, assim a arte tem o dever de não ferir uma classe social ou massa de pessoas.","0,25",,,"A relação é a resposta da sociedade atual que viveu séculos de patriarcado e ainda existem resquícios, que justamente é a alta taxa de feminicídio e estupro em uma sociedade que se diz moderna.","0,25",,,Implementação de políticas públicas que protejam as mulheres de forma eficaz. Implementação de programas de educação e conscientização nas escolas.,"0,75",,,"A população brasileira atingida pela desigualdade são pessoas de baixa renda, a grande maioria periféricas. Os fenômenos de risco socioambiental estão ligados ao nível de infraestrutura que se beneficiam de pessoas de classe alta, fazendo uma exclusão de pessoas mais pobres.","0,5",,,"Investimento em uma infraestrutura em áreas periféricas, assim como subsídios para compra de imóveis dessa população.","0,5",
"Conforme o texto um, a arte é o que tenciona a cultura e leva para diferentes lugares e tempo. Quando estudamos a história da arte, é comum estar presente nas obras elementos que são característicos daquele período e grupo de pessoas, ou seja, elementos culturais. a arte pode ser instrumentalizada de infinitas formas, seja para criticar algum comportamento, enaltecer uma figura de poder ou apenas causar um sentimento de conforto. Entretanto, assim como qualquer outro tipo de comunicação, a mensagem pode ser interpretada de modos diferentes entre o emissor e o receptor. Deve-se considerar a arte com cuidado e relevância, precisa ser estudada e produzida. A arte pode superar a censura de um governo autoritário e guiar a população ao levante. Precisamos de políticas públicas que facilitem o acesso de democratizado a arte e que as universidades, independente do curso, incentivem os alunos ao tempo de dedicação para sua compreensão.","0,5",,,"Desde a antiguidade, os homens eram figuras de poder, de força e trabalho.ao longo dos anos, as mulheres mulheres foram conquistando lugares neste espaço que não eram comuns. Apesar disso, não equalizar a situação entre os gêneros muito por conta desses estigmas como mulher não se interessa por política ainda estão presentes na nossa sociedade.","0,25",,,Redes de proteção: ampliação das delegacias da Mulher e suporte psicológico às vítimas. Educação preventiva: inclusão de currículos escolares que combatem estereótipos de gêneros desde a infância.,1,,,"Com cada vez mais a centralização do mercado nas grandes metrópoles geram uma perspectiva de vida melhor a todos que desejam fazer parte deste mercado, entretanto isso gera um crescimento populacional gigante e as infraestruturas não acompanham o crescimento rápido das famílias, e consequentemente a um aumento da demanda por itens e serviços básico. Já a extrema pobreza aumenta portanto as condições mínimas de vida que são considerados através do salário não importam manter este custo de vida alto que não há correção de valor, não apenas custo, pois fica muito condizendo o acúmulo de de capital para poucas pessoas.","0,5",,,"É algo muito difícil de Acontecer devido ao tamanho do Brasil, como por exemplo realizar aplicação de encanamentos e regularização de água e energia em grande escala para minimizar esses traumas socioambientais, porém deve haver um incentivo para que haja criação de comércio nos pequenos polos afetados para que haja crescimento de tanto dos moradores como de comércio infraestrutura de maneira automática.","0,5",
"A distinção entre o que de fato pode ser considerado arte, dentro do ponto de vista cultural, e o que se enquadra como um protesto da sociedade mascarado de arte é fundamental para garantir a liberdade artística prevista pela lei. Propor análises acerca de movimentos artísticos clássicos, isto é, antes da era moderna também se enquadra como um exercício educativo relevante na abordagem proposta.","0,75",,,"O patriarcado estrutural carrega vieses, isto é, pressupostos aceitos e propagados na sociedade, contribuindo diretamente para a desigualdade entre sexos. Herdados das sociedades antigas, paradigmas associados às mulheres aumentam os índices de desigualdade, por vezes, a propriedade intelectual de pessoas do sexo feminino são colocadas em discussão como sendo inferior a dos homens","0,5",,,"Criar e reforçar leis que protegiam as mulheres, para os culpados pagarem pelos crimes; Incentivar mulheres nas áreas em que há uma maior predominância de homens (como na política); Políticas públicas para dar mais voz as mulheres.","0,25",,,"É possível relacionar o alto índice da população em situação de pobreza com aumento de fenômenos de risco socialmente ambiental partindo do ponto que quanto mais pessoas em estado de pobreza, maior a tendência do aumento da periferia e construções irregulares.","0,25",,,Uma proposta é a redistribuição desta população para o centro da cidade e a outra é a construção de grandes edifícios custeado pela prefeitura de modo que a população possa habitar em um local com condições seguras. ,"0,5",
"Relação arte, cultura e censura: a arte termo a questionar padrões, enquanto a cultura estabelecida tenta regular comportamento. A censura surge desse conflito. Porém, a Constituição de 1988 garante a liberdade de expressão, proibindo a censura, mesmo que a arte seja incômodo ou polêmica. Duas ações educativas: debates escolares e mediação cultural","0,75",,,"O patriarcado estrutura a sociedade colocando o homem como autoridade(espaço público) e a mulher como submissa(espaço doméstico). Isso gera desigualdade salarial, exclusão política e legitima a violência como forma de controle sobre a mulher.","0,75",,,"O estado deve cada mais reforçar as políticas que lutam a favor das mulheres e nada melhor que isso do que conduzir mais jovem mulheres no comando altos postos estatais. O estado deve também identificar cada vez mais o uso psicológico, com acompanhamento de mulheres e enraizamento da cultura pela própria parte feminina.",1,,,"A relação entre o perfil da população brasileira atingido pelas desigualdades sociais nas cidades e os fenômenos de risco socioambientais de risco como por exemplo: encostas com deslizamentos, rios, zonas industriais.de forma geral, grupos vulneráveis sofrem mais com questões climáticas e ambientais.","0,65",,,"A primeira proposta seria construir centros de acolhimento desta população para que estas possam se abrigar perante essas situações. A segunda seria a elaboração de um programa de reinserção dessas pessoas na sociedade, a partir de capacitação de profissionais e educação básica a todas as idades.","0,25",
"A cultura é vista como algo de certa forma mais padronizado, algo comum de se ver. Já a arte pode questionar e mostrar algo de uma maneira diferente do habitual, impactando a população. E esse impacto pode gerar um tipo de censura visto que há pessoas que possuem poder para isso, mesmo que seja algo ilegal. Mas a constituição garante essa liberdade, e medidas podem ser adotadas para incentivar pessoas a pensarem e se expressarem de maneira diferente. Incentivar crianças desde pequenas a terem um pensamento próprio e não 100% moldado, e fazer com que o povo enxergue mais esta arte que vai contra os padrões.","0,75",,,"O patriarcado estrutural faz com que o povo enxergue as mulheres de uma forma inferior em relação aos homens, e que limitem as mulheres. Há um padrão da sociedade a ser seguido, de acordo com este patriarcado. E é algo presente na sociedade e de certa forma enraizado. Isso faz com que haja uma desigualdade entre os gêneros, e até na mentalidade da mulher. Talvez, as mulheres não de envolvem tanto na política quanto os homens por conta dessa distinção que fazem. Isso molda muitas mulheres e fere sua liberdade individual","0,5",,,"Uma das ações é reestruturação e melhoria de centrais de esporte as mulheres, fazendo com que esse sistema realmente seja mais eficiente e outra ação possível é a realização de campanhas que possam encorajar as mulheres para que elas não se calem mediante a situações de abusos. ",1,,,"A relação é que onde a pessoa está inserida no meio, e ela tem tolerância para este ambiente e não muda de local, gera um ciclo vicioso onde o pensamento do do máximo onde você pode chegar é pequeno.","0,25",,,Incentivo na educação para que as pessoas com infraestrutura pior que a outra não tem este pensamento de serem incapazes.,"0,25",
"Considerando os moldes que estão se formando nas gerações atuais, acho importante através de políticas criada no período de formação de pessoas, como as crianças a definição do que é certo e do que errado nos conceitos da sociedade e nos valores políticos e também de uma outra perspectiva incentivar o senso crítico porque isso é certo ou errado para formar seres pensantes game-changer do mundo pois é mais difícil nos dias atuais grandes pensadores e criadores de formas de pensamento, ligado aos inseridos gerais.","0,25",,,"Na sociedade este modelo governança , está imposto há muito mais tempo do que esta crescente luta pelos direitos femininos, mesmo que os tempos passem essa cultura se torna invertida, até mesmo no contexto divino como a Bíblia, grande influente até os dias de hoje, o papel da submissão feminina.mesmo com essa raiz de problema grande vejo com advento das próximas gerações cada vez mais este alinhamento dos direitos visto que ainda possa levar mais algum tempo, entretanto é algo inevitável.","0,75",,,Duas ações seriam: pena de morte a responsáveis por feminicídio e centros de acolhimento à mulheres que sofreram algum tipo de violência.,"0,5",,,"Normalmente a população em mais baixo nível social, tem menores acesso às questões básicas, Assim não se conscientizar de certa forma sobre questões reprodutivas e econômicas, gerando mais riscos sociais para um futuro próximo.","0,25",,,"Normalmente este tipo de ação não tem uma adesão total de comunidades, onde infelizmente o governo teria que aplicaram o modo de compensação a todos os moradores. Com isso teriam acesso a questões básicas apenas aqueles que aderirem ao projeto, fazem assim a adesão total dos moradores. Uma reestruturação do local das moradias, e junto com a primeira ideia, uma conscientização e preservação dos locais.",1,
"É possível afirmar que todo movimento artístico atua em um constante desenvolvimento: nada é fixo e pode ser absorvido por diversos grupos da sociedade por diversos pontos de vista. No entanto, o limite da arte está quando ele diminui ou prejudica qualquer direito humano, logo, para garantir uma liberdade artística segura para a população, é dever do estado punir aqueles que usam a arte como instrumento de ódio e promover mais cursos sobre as culturas que estão presente no país.","0,25",,,O histórico do patriarcado estrutural que esteve presente no passado foi responsável por promover a desigualdade que vivenciamos hoje entre homens e mulheres: eles foram responsáveis por reforçar este estereótipos de grupos majoritários e isso inviabiliza a flexibilidade das ações dos homens e das mulheres.,"0,5",,,"A constante reeducação para que não exista desigualdade de gênero em propagandas, aumentar a facilidade para que uma mulher consiga Denunciar facilmente essas violências.","0,25",,,"A população brasileira mais atingida pelas desigualdades sociais sempre são as castas mais humildes, economicamente, pois estas são aqueles que precisam e contam com as estruturas públicas e serviços prestados. Quando se tem um crime, as primeiras pessoas a sentirem são elas, nos mercados, nas contas do lar, no preço dos uniformes dos filhos, nos corte das vagas em escolas públicas, que por terem seu dinheiro contado percebem a falta dele ao final.","0,25",,,"Primordialmente a saúde e bem-estar do ambiente com esgoto encanado e água potável, garantindo o mínimo de dignidade para essas pessoas, diminuindo os riscos de contraírem doenças e além disso escola e educação de qualidade para haver a possibilidade de um dia esta criança mudar a realidade dela e não se corromper ao crime organizado, garantindo assim a diminuição da criminalidade em um futuro próximo.",1,
"A arte reorganizando o desorganizando a cultura pode propor um imaginário perigoso um governo autoritarismo. A censura é a manutenção deste sistema. Para reduzir as tensões e garantir a liberdade artística prevista, faz-se interessante o ensino em escolas a respeito do livre arbítrio e da autoridade sobre este. Tudo que criamos, é da nossa autoria, e portanto somos responsáveis por tudo aquilo que criamos.seja, críticas, arte, julgamentos.vale ressaltar a importância de saraus de arte para maior disseminação e aceitação desta na sociedade.","0,75",,,"O patriarcado estrutural fez com que a mulher deixassem de chegar à força da feminilidade. Partindo do princípio que todos os seres só por estarem vivos têm a capacidade e a auto determinação de se desenvolver plenamente dentro de sua própria individualização. O patriarcado tirou das mulheres, através da desigualdade de gênero, esse princípio.na maioria das vezes o mundo não é justo com as mulheres, tendo em vista, salários reduzidos, violência doméstica, assaltos em maior escala.mas mesmo assim, estas se lembraram que elas têm tanto o mesmo direito quanto à capacidade dos homens, todo esse sistema pode mudar.","0,5",,,"O estado brasileiro já tem duras penas para tais crimes. A violência deve ser diminuída como um todo. Para o crime de violência física de modo geral o Estado deve tratar o agressor de maneira rígida e penas duras, como maior tempo de pena e indenização pesada para a vítima. O estado de certa forma não consegue moldar o indivíduo que tem o perfil agressivo, a não ser que ele o exclua da sociedade.",1,,,"A população mais pobre, concentrada nas periferias, vivem em áreas sem infraestrutura adequada, ficando mais expostas a enchentes, deslizamentos e outros riscos socioambientais.","0,5",,,"Implementação de saneamento básico, junto à obras de reforma, limpeza das ruas e calçada.","0,5",
"Para minimizar as tensões de dois lados devemos utilizar a arte até certo ponto, para isso precisamos estabelecer um limite até onde a arte é benéfica e este limite são os direitos e deveres.",0,,,A relação e que algumas pessoas ainda pensam que existem lugares para determinado sexo consequentemente a ideia da mulher doméstica.,0,,,"Nos dias atuais temos diversas ferramentas que foram criadas para que essa violência e impunidade dos agressores diminua. Antigamente com a ausência dessas ferramentas a impunidade era evidente pela falta de credibilidade da voz da mulher, já com as ferramentas que conseguem registrar estes momentos, esta voz passou a ser mais escutada.acredito que uma maneira de aumentar cada vez mais o aumento desta pena para violência contra a mulher deve ser cada vez mais rígida dada a intensidade de cada caso.","0,5",,,"Nas grandes cidades do Brasil, a desigualdade social é algo muito presente invisível, que em um minuto você sai de um bairro nobre e entre um bairro extremamente pobre, definindo o perfil da população brasileira.e com esse crescimento exponencial das cidades, a população de classe baixa acaba invadindo e construindo casas em lugares inapropriados, o que acaba gerando risco socioambientais.","0,5",,,"Uma proposta para desenvolvimento em bairros periféricos, seria o auxílio na estrutura da comunidade. Como investimento no saneamento básico, na estrutura das casas, etc outra proposta seria um maior investimento na educação pública, aumentando a capacidade profissional da população, fazendo com que conquistas melhores cargos, e assim ter maior poder econômico, conseguindo morar em situações melhores.",1,
"Quanto mais informação e conhecimento as pessoas têm, elas tendem a ser mais tolerantes: O ensino sobre a relatividade da arte deve ser ensinado de modo frequente e bem no início da infância das crianças. Deve-se ensinar de modo rigoroso em escolas, onde a criança está em sua fase de desenvolvimento pedagógico há diferença de liberdade e libertinagem.","0,25",,,"O patriarcado durante muito tempo foi algo que está enraizado na cultura mundial, como um homem deve ser o sustento e a mulher submissa ao homem, porém nos dias atuais este modo de pensar em países considerados livres são uma escolha. Hoje a sociedade está mais dividida em o que ambos são melhores do que privilégios por sexo. No Brasil que é um país considerado livre existem diversas mulheres ocupando grandes cargos, não é um equilíbrio 50/50 por simples decisão ou competência.","0,25",,,"O Estado deve fortalecer a rede de proteção às mulheres, como delegacias especializadas e abrigos e investir em campanhas educativas prevenção e igualdade de gênero.","0,75",,,"Pessoas que não são de altas classes sociais são condicionadas a morar em lugares que não são seguros para se habitar, como por exemplo, perto de rios, ou então em morro.em locais tem o risco de acontecer desastres naturais(alagamentos e desmoronar). Esses fatores geram um ciclo: pessoas pobres são condicionadas a morarem em lugares inadequados, pessoas não conseguem se desenvolver crescendo neste ambiente, consequentemente ele não sobe a sua classe social, fazendo ele continuar morando em um ambiente inadequado","0,75",,,"Transporte circular de graça para pessoas que habitam em regiões periféricas, projeto a ajudar pessoas que vão para seu trabalho e faculdade.",1,
"Baseando-se nos dois textos disponibilizado a arte refere-se à liberdade de expressão e alcance de ideologias. Por muitas vezes este meio foi utilizado para combater ideologias autoritárias em território nacional, a ditadura militar, onde as pessoas que produziam essas obras de arte eram censuradas, ou seja, eram silenciadas artisticamente e politicamente criando-se assim a extinção, ou a tentativa de, do próprio livre arbítrio. Logo as artes que rodeiam as suas devidas épocas contam história das culturas que coincidem em uma mesma época, que só pode ser analisada quando a liberdade de expressão é respeitada por ambas as partes.","0,25",,,"O patriarcado estrutural é algo que já vem sendo carregado há tantas gerações que para uma parcela da população pode ser algo normal, coisa que sabemos que não é bem assim.de tempos para cá as mulheres vêm cada vez mais mostrando sua paridade para com a antiga imagem do homem provedor, conseguindo assim lidar com as mesmas ou até mais obrigações. Porém ainda atualmente é possível perceber algumas evidências deixe enraizamento do patriarcado estrutural onde a mulher que trabalha igual, come igual, dorme igual aos homens ainda tem os salários reduzidos para os mesmos cargos.","0,25",,,"Uma possível ação do Estado para o enfrentamento das diferentes tipos de violência contra mulher é o maior estímulo a denúncia, com propagandas até mesmo na educação. Além de fornecer aulas de defesa pessoal para todas as mulheres gratuitamente, para que tenha um maior poder de defesa.",1,,,"O perfil da população afetada está relacionado com questões históricas e geográficas do Brasil com forte concentração de riquezas principalmente no sudeste do país e preconceito estrutural com isso, a desigualdade social é relacionada com a vulnerabilidade, com Dias inadequadas","0,5",,,"Construções de prédios e reabilitação, auxílio comunitário.","0,5",
"A arte conforme apresenta no texto um, exerce o papel de questionar e tencionar a cultura dominante, pois não se limita a reproduzir normas sociais, mais provocar reflexão e transformação.o texto dois garante a liberdade de expressão artística pela Constituição de 1988, tornando a censura uma violação desse direito.para reduzir estas tensões, é essencial investir nas escolas de educação artística crítica e na formação de educadores para promover o respeito a diversidade e a liberdade de expressão.","0,75",,,"O patriarcado estuda e sustenta a desigualdade entre homens e mulheres ao naturalizar a dominação masculina ao atribuir as mulheres papéis de submissão. Essa estrutura reforça desigualdade social, política e simbólica, mostrando assim a exclusão e a violência de gênero.",1,,,Um auxílio financeiro e psicológico para mulheres que são sustentadas pelo parceiro e acabam tendo medo de terminar o relacionamento por não conseguirem se manter. Esse auxílio duraria até a mulher encontrar um emprego e um lugar para morar.,"0,5",,,"A população atingida pela desigualdade no Brasil, por falta de conduções acabam indo morar em lugares como favelas onde existem diversos riscos à vida e ao meio ambiente. A falta de saneamento básico além de contribuir com a poluição da natureza, os torna vulneráveis a diversos problemas de saúde.","0,75",,,"Políticas públicas incentivam de origem e educação sexual, junto da distribuição gratuita de bens e higiene e preservativos. Também implementação de esgoto Proporcionam o saneamento básico a todos, deste modo conseguindo reduzir impactos socioambientais",1,
"Uma grande parte da cultura é composta pela arte, sendo assim, uma super dependente da outra. E como diz a Constituição Federal de 1988, a liberdade de expressão artística é algo garantido por lei, com isso, a censura com tais artes é algo incorreto, considerando até como crime.1 ação educativa que pode contribuir para minimizar as tensões é a criação de uma matéria escolar obrigatória sobre arte, além de incentivar desde a infância a própria pessoa produzir algo relacionado.","0,25",,,"Desde o surgimento da sociedade, há essa relação entre os homens e as mulheres. Cujos homens sempre tiveram este papel mais ativo, algo que vem sendo cada vez mais combatido, mas não o suficiente. Ainda há muito machismo presente nas pessoas, um exemplo é o baixo número de mulheres nas faculdades de engenharia.","0,5",,,"Punições mais severas aos agressores, com intuito de diminuir o índice de casos. Aumentar o número de mulheres da cota feminina de partidos e ministérios atuais no Congresso.",1,,,"Com começo da expansão da cidades, muitas pessoas que não possuem melhores condições financeiras foram mandadas para áreas mais afastadas das cidades, perto de montanhas e morros por exemplos.nesses lugares, arquiteturas como as de favela surgiram, sem qualquer supervisão técnica. Devido as tais circunstâncias, diversos problemas Socioeconômicas podem e acabam os atingindo, como os deslizamentos dos morros, derrubando as casas. Além disso a falta de saneamento básico, gera o aumento de doenças e a falta de qualidade de vida.","0,9",,,"Para solucionar alguns desses problemas, alguns programas devem ser criados. A fim de solucionar a falta de saneamento barco básico, órgãos de infraestrutura devem criar um sistema de esgoto que funcione. Para resolver o problema da estrutura, algumas equipes de arquitetura engenharia devem verificar a segurança das casas locais.","0,5",
"A cultura de uma nação tem como objetivo transmitir os valores do país, porém ela implica na imposição de limites culturais aos quais contradizem a constituição e a arte, pois ressaltam a liberdade e suas implicações. A partir desta ótica, percebe-se que as limitações culturais alinham-se com a censura e exclusão enquanto a arte contradiz este modelo não liberal, pois valida a individualidade. Portanto, é possível concluir que os valores culturais validam a sobreposição da maioria em relação à minoria, utilizando como forma de censura, enquanto a arte é ligada à liberdade e individualidade de cada indivíduo. Duas ações educativas são palestras e aula para ensino cultural.","0,75",,,"Se pegarmos historicamente as posições de liderança(familiar, profissional e social) sempre foram masculinas, e após os séculos tem tendo esta estrutura é uma batalha começar a mudar esta cultura, pois se criou uma ideia errônea onde a opinião da mulher vale menos do que a do homem, e também a visão onde a mulher não transmite respeito para se tornar uma liderança.","0,5",,,"O Estado deveria criar redes de apoio a mulheres enfrentarem as violência sofridas, por meios política pública como casos de cargos para mulheres visando aumentar a emprega de mulher em locais dominados por homens. E investir na segurança para que se sintam seguras",1,,,"A relação entre o perfil da população brasileira atingida pelas desigualdades sociais na cidades e os fenômenos de risco socioambientais, é que, quando este fenômeno de risco ocorrem grande parte da população mais vulnerável, acaba sofrendo com isso, criando uma necessidade de se afastar do centro urbano radicalizou o aumento de zonas periféricas","0,25",,,"Uma boa proposta seria um possível auxílio governamental, que oferecesse uma melhor estrutura habitacional às comunidades periféricas, ajudando a fortalecer as estruturas das casas, melhorando o acesso à água, comida, luz e etc.nessas regiões.outra proposta seria uma implantação de departamentos de políticas e militares dentro das comunidades, garantindo maior segurança estabilidade dentro das periferias.",1,
"A arte funciona como um reflexo na sociedade expondo diferentes sentimentos de diversos jeitos. É uma forma de expressão e reação à vida.já a censura busca falar com a liberdade de expressar como desejar, mostrando apenas o que é conveniente.","0,5",,,"O patriarcado estrutural está presente no meio social há séculos, com certas estruturas presentes nos dias atuais. A partir desta ótica, a desigualdade entre homens e mulheres têm origem do patriarcado.","0,5",,,"A mulher é atacada de inúmeras formas, seja sexualmente ou até indiretamente no ambiente de trabalho.para isso, o estado deveria interferir gerando dois projetos: prisão perpétua para crimes sexuais salários iguais para o mesmo cargo.",1,,,"A população brasileira periférica atingida pela desigualdade, influenciada diretamente por fenômenos de risco socioambiental. Com o crescimento urbano, a parcela das pessoas que estão em situação de vulnerabilidade são obrigadas a se deslocarem para ambientes de alto risco, como riachos ou morros, como possibilidade de enchentes deslizamentos e contaminação pela falta de saneamento.","0,75",,,"Uma das propostas ser o investimento governamental em saneamento, pavimentação e em moradias resistentes, com ajuda da comunidade para fiscalização dos solos. Ademais, a criação de um sistema para prevenção e alerta de desastres minimizarem danos, como usinas e rotas de fuga. Porém, a prioridade deve ser garantir a moradia em locais sem riscos, mais próximos a serviços.",1,
"A arte é algo fundamental para o nosso cotidiano. Ela gera humor, felicidade, estranheza ou até mesmo raiva, mas é fundamental para a construção de uma cultura e identidade local. Entretanto, algumas formas de expressão artística acabam gerando inúmeras debates e discussões principalmente cerca de valores e discriminação, fazendo nós pensarmos até que ponto vai a liberdade artística sem ferir qualquer cidadão. Trata-se de um importante debate que deve ser falado a fingir diminuir tamanhos tensões, e duas propostas seriam a de que toda a arte deveria ser proibida de atacar grupos minoritários e mais propagandas com relação à ação de idade","0,75",,,"O patriarcado estrutural levam pessoas a agirem como se homens fossem superiores as mulheres, gerando uma grande desigualdade e preservando mulheres de desempenharem papéis importantes na sociedade enquanto os homens dominam estes cargos.","0,5",,,"O Estado deveria fazer algumas leis para proteger as mulheres da diferença vulneráveis no trabalho, evitando o tom de superioridade e desigualdade. Também deveria aumentar a pena para casos de violência doméstica, assédio e estupro",1,,,"A principal relação entre a parte da população atingida pelas desigualdades e os fenômenos de risco socioambientais é também quem mais sofre ambiental, seja com enchentes, deslizamentos, falta de saneamento","0,25",,,"Duas propostas seriam: que o estado poderia investir melhor na parte de saneamento básico, drenagem e também em melhores moradias; e outro seria implementar políticos públicos que possam garantir um melhor planejamento urbano, prevenindo desastres",1,
"A arte e a cultura são princípios fundamentais para a criação de uma identidade em uma sociedade ou grupo tirar isso ou censurar isso apenas tirar a identificação que o povo tem com o seu país e entre eles. Preciso incentivar essas atividades, pois um povo unido alcança conquista muito maiores que obstinado. Para realizar este senso de identificação seria preciso incentivar nas escolas o aprendizado sobre cultura do país e que as crianças Brinquem mais seus talentos na arte. Também, a criação de áreas públicas com grandes eventos para espalhar trabalhos artísticos.","0,8",,,"Desde a formação da sociedades moderna, a mulher sempre foi vista como sexo frágil. Ela que teria a obrigação de cuidar da casa e dos filhos, enquanto o homem cumpriria o papel de prover o dinheiro entretanto, com o passar do tempo, principalmente pós revolução industrial e no contexto pós guerra, a mulher civil cada vez mais presente como uma participante ativa na sociedade. Tal ação acabou gerando desconforto em muitos homens e como consequência gerando ainda mais fragilidade da mulher.","0,5",,,"Uma ação do Estado que ajudaria no enfrentamento de diferentes tipos de violência contra mulher, seria uma implantação de cotas obrigatórias de contratação de mulheres para diversos setores dentro de uma empresa privada e estatais, ajudando na consolidação das mulheres no âmbito empresarial.outra ação que ajudaria na causa seria uma pena mais punitiva aos autores de violência contra as mulheres, quaisquer que tenha sido ela.",1,,,"Boa parte dessa desigualdade brasileira vem da falta de educação, necessidades básicas e da falta de profissionalismo político em verdadeiramente ajudar a sua sociedade a causar melhorias a todos.",0,,,"Duas propostas seriam uma campanha de saneamento básico, na qual o governo investe as instalações de sistemas de saneamento enquanto incentiva o cuidado do local, com lixeiras, criação de trabalhos remunerados de coleta de lixo e limpeza, além de investir no pavimento e infraestrutura dos locais recebendo feedback da comunidade sobre as áreas críticas.",1,
"Que ocorra uma minimização das tensões entre a arte, cultura e censura, é uma garantia de liberdade artística prevista na lei, uma ação que ofereceria grande suporte à causa, seria 11 implemento de conteúdos em matérias escolares, que ensinasse e conscientizar a própria geração sobre isso. Esses conteúdos de conscientização poderiam ser incluídos nas aulas de história artes e língua portuguesa por exemplo. Outra ação que poderia trazer resultados, seria haver um maior incentivo governamental, a causas projetos, e outras ideias, nas quais exploram abordar sobre a arte e cultura do nosso país, trazendo diferentes percepções as pessoas a respeito dos temas, e trazendo maior liquidez em relação aos assuntos.","0,9",,,"Acho que viemos de épocas onde o patriarcado era muito presente na sociedade, então esse patriarcado estrutural é muito difícil de ser retirado da cabeça da população, fazendo com que isso leve bastante tempo. Porém é inegável que a situação atual é muito melhor do que décadas atrás com a desigualdade sendo menos presente, sobretudo esse patriarcado estrutural também vejo que estamos em um bom caminho, e essas diferenças sumiram com o tempo.","0,5",,,Punições mais severas para a violência contra mulher. Canais de voz voltados apenas para esses casos de violência.,"0,5",,,"O perfil da população atingida pelas desigualdades sociais são as pessoas em situação de pobreza, que são incapazes de se sustentar nas cidades e acabam se afastando cada vez mais de seu centro, criando assim as periferias que estão se expandindo cada vez mais, afetando o território, e criando civilizações em que há muitos riscos a sobrevivência. Além disso, a falta de urbanização nessas áreas agrava a desigualdade e causa segregações sócio Pe sial nas cidades causadas também pela falta de investimento que esses locais recebem","0,9",,,,,
"Na teoria, todos possuem liberdade para expressar suas ideias, opiniões e impressões nas artes e/ou ciência. Entretanto, sabe-se que não é bem assim que ocorre no cotidiano.quando uma opinião que destoa do pensamento dos poderosos e ricos ganha notoriedade, ela é imediatamente cancelada nas redes sociais ou, partindo para algo mais radical, é censurada nos meios de televisões. Isso evidencia que, por mais que debaixo dos planos a censura ainda continua na sociedade, não apenas brasileira, mas mundialmente falando. Como alguém mente aberta, acredito que esta cultura da censura vai contra os direitos de expressão da população. Claro que uma opinião que fere os direitos humanos não é e jamais será tolerada, entretanto, opiniões políticas, sociais ou talvez até científicas divergentes devem ser ouvidas e levadas em consideração no julgamento final de decisões importantes.","0,75",,,"Apesar da existência de novas leis, como a lei de igualdade salarial, na qual estabeleceu que haja salários iguais obrigatório para os homens e mulheres que exerçam o mesmo cargo/função, ainda há raízes patriarcais nas quais fazem com que a desigualdade entre homem e mulheres sigam persistindo, mesmo com que mulheres em muitos casos representem competência maior ou igual as demandadas pelos homens e pelo mercado.","0,5",,,"O estado deveria agravar penas para casos de violência contra a mulher e garantir que as agressões sejam monitoradas de forma eficiente. Além disso, a criação de campanhas, palestras em escolas sobre o assunto, como o machismo, influencia em uma boa educação da sociedade.",1,,,,,,,,,
"Como ações educativas, poderia haver a ideia de Oficinas escolares que estimulem o pensamento crítico e artístico. Além disso, a criação de debates a respeito de obras artísticas, poderia estimular esse pensamento e demonstrar a liberdade que essa Prática gera, minimizando preconceitos e intolerâncias.","0,5",,,"A dominação masculina é algo que está enraizada na sociedade desde os primórdios. Isso porque, desde o começo do que conhecemos como sociedade, os homens são vistos como mais inteligentes, mais fortes, mais desenvolvidos etc esse pensamento se estende até os dias atuais, um exemplo dessa desigualdade está em relação ao trabalho, quando pessoas de gêneros opostos ocupam o mesmo cargo e recebem salários completamente diferentes. Esse preconceito é algo extremamente ultrapassado e é algo que deveria ganhar mais notoriedade devido à importância atualmente.","0,75",,,Duas ações do Estado para enfrentar a violência contra a mulher poderia ser: programas de conscientização de gênero o que levaria uma maior igualdade e redução da violência; e também a criação de serviços especializados para ajudarem as mulheres.,"0,75",,,,,,,,,
"A arte e a cultura são pontos que se contradizem, mas também andam interligados, onde a arte tenciona a cultura o levando para outros lugares, enquanto a cultura controla. Diante disso a arte questiona o que geralmente é aceito, grita onde há silêncio, o que está diretamente ligado à lei que permite a livre expressão.2 ideias para minimizar as tensões e garantir a liberdade artística seriam: oficinas artísticas que aceitariam todos os modelos de arte; e também debates para que todos possam entender a cultura da obra de cada artista.","0,75",,,"O patriarcado estrutural influencia diretamente na relação homem e mulher, com sua notória desigualdade e ideias que devem ser desmantelados, visto que são farsas, criando estereótipos. A voz feminina sempre foi silenciada por preconceitos pela parte dos homens, trazendo apenas prejuízos para a sociedade como um todo.","0,75",,,"A primeira ação que o Estado deve tomar é conscientizar as crianças, desde pequenas, a não praticar tal ato. Essa ação é de extrema importância, pois as crianças são o futuro do país.","0,25",,,,,,,,,
"De acordo com o texto um, a arte e a cultura andam de mãos dadas apesar de suas divergências. A cultura nada mais é do que a padronização da arte. Assim, pode-se dizer que a cultura e a arte estão diretamente relacionadas ao princípio da liberdade, já a censura, é a opressão da liberdade (arte e Cultura). Duas ações educativas que podem contribuir para garantir a liberdade artística prevista por lei são: estimular as crianças a expressar em suas opiniões e ensiná-las a respeitarem a opinião dos outros.",1,,,"O patriarcado estrutural está diretamente ligado a essa desigualdade entre homens e mulheres; pois desde o passado foi adotado essa dominação masculina da sociedade, o que acabou levando a drásticas desigualdades como a exclusão feminina na política e o não voto, e além da violência sexual, o que ocorre até hoje nos dias atuais.","0,5",,,"O estado pode propor dois tipos uma sendo preventiva e. Sendo uma delas desde a infância no colégio aulas para conscientização sobre violência contra a mulher. E a outra sendo algo mais punitivo, podendo ser sentenças mais longe divas para que o prazer do cara ganhe da dor de ser preso.",1,,,,,,,,,
A arte questiona a cultura e pode questionar a sociedade. A liberdade é um direito da democracia.,"0,1",,,"O patriarcado estrutural está diretamente relacionado à desigualdade entre homens e mulheres, já que esse tipo de pensamento continua presente na nossa sociedade até os dias de hoje. Há inúmeras mulheres que ocupam o mesmo cargo que um homem, porém elas acabam recebendo um salário menor.este é apenas um dos diversos exemplos que comprovam como a sociedade atual continua sendo patriarcal.","0,5",,,"Duas ações do estado seriam a criação ou maior investimento em políticas públicas que combatem a violência contra a mulher, criando campanhas de conscientização para quebrar o estigma da sociedade em relação à violência contra a mulher, além de aumentar a pena pelo crime para mostrar a seriedade da situação.",1,,,,,,,,,
"Com base nos textos, a cultura é o que toda todas as sociedades desenvolveram, algo intrínseco do ser humano, e a arte é o que causa as mudanças dessa cultura e, devido à sua alta disparidade de expressão, podem haver censura. Porém, constituição defende a liberdade de expressão, algo que não acontece devidamente, pois a arte questiona e a front ideias. Por isso se deve ser ensinado em escola o valor que a arte tem em transformar a sociedade e que censurá-la apenas cria mais revolta por impedir o valor humano de liberdade, além de incentivar o uso da arte como forma de se expressar, se aproximando do ideal proposto pela Constituição.",1,,,"O patriarcado estrutural quer sempre elevar o homem em relação ao poder, prestígio e oportunidades sempre dando a desculpa que a mulher que está errada exemplo mas também olha como está vestida. A desigualdade entre homens e mulheres vem junto com o patriarcado, da parte cultural e histórica de como foi construída.","0,5",,,"Aumentar a rigorosidade na ordem penal. Nos tempos atuais estamos cansados de ver bandidos e criminosos sendo absolvidos, protegidos. Essa garantia de impunidade apenas faz com que esses criminosos sejam incentivados a praticarem seus atos violentos e covardes. Outro ponto é a proteção política e mediático que fazem em cima do criminoso. Não podemos poupar um criminoso ao realizar um ato porque ele é vítima da sociedade ou só para tomar uma cervejinha. Isso faz com que toda sociedade incentive o crime. Essas práticas violentas são sempre levadas para dentro de casa onde os criminosos têm uma mulher inocente ali.",1,,,,,,,,,
Vivemos em uma cultura onde artistas tem todos os mesmos ideais políticos. São eles que hoje em dia ditam a cultura atual do país até pela força que os têm principalmente nos jovens. Vemos que todos os artistas que vão contar essa ideia padrão são linchados e muitas vezes o mercado artístico condena o artista e fecha a porta para ele só por fazer propaganda que eles não concordam. Precisamos ter menos censuras por opiniões políticas e mais abertura para artistas terem opiniões impopulares.,"0,25",,,"O patriarcado estrutural cobra as mulheres como submissa aos homens, na qual não podem fazer tarefas destinadas a eles como política e prover para família. Isso cria desigualdades pois exclui a mulher de certas coisas, que sofrem de preconceito por terceiros que consideram a visão estrutural da mulher como a correta, sendo algo tão intrínseco na sociedade que acabam justificando essa desigualdade de forma involuntária, culpando a mulher.","0,25",,,,,,,,,,,,,
,,,,"Pelo menos no Brasil, as mulheres sempre foram colocadas em uma posição de submissão entre homens e isso criou uma cultura da qual uma mulher deve gostar e o que ela não foi feita para fazer. Essa cultura não é facilmente apagada então desde quando as mulheres começaram a ganhar seus direitos, a raiz do problema não foi atacada então essa cultura de diminuição da mulher em várias áreas se perpetuam. Acredito que junto com os direitos das mulheres, deveria ter educado melhor a população para uma quebra dessa cultura.","0,5",,,,,,,,,,,,,